{"score":5,"record":0,"_step":90,"_runtime":559.5203234,"mean_score":1.4945054945054945,"reward":5,"games_played":91,"_wandb":{"runtime":567},"_timestamp":1.7382994210301638e+09}