{"reward":0,"_timestamp":1.738298848110934e+09,"_runtime":110.8759165,"score":0,"mean_score":0.34146341463414637,"_wandb":{"runtime":111},"_step":40,"games_played":41,"record":0}