{"record":0,"reward":43,"mean_score":19.881944444444443,"_runtime":7771.4063115,"games_played":720,"score":43,"_timestamp":1.7382726426096675e+09,"_wandb":{"runtime":7780},"_step":719}